"driver","avg_lap_time","fastest_lap_time"
"Driver_9",85.9666487560583,84.6040852950675
"Driver_14",90.7108545515755,89.7699153991759
"Driver_8",92.1352406198239,90.7836103987274
